AverDo00,Avery,Donnie,wr,1984,2008
BakeDa01,Baker,Dallas,wr,1982,2008
BallLa00,Ball,Lance,rb,1985,2008
BennMa00,Bennett,Martellus,te,1987,2008
BessDa00,Bess,Davone,wr,1985,2008
BumpMi00,Bumpus,Michael,wr,1985,2008
BurtKe00,Burton,Keenan,wr,1984,2008
BushMi00,Bush,Michael,rb,1984,2008
CaldAn00,Caldwell,Andre,wr,1985,2008
CarlJo00,Carlson,John,te,1984,2008
CastTi20,Castille,Tim,rb,1984,2008
CharJa00,Charles,Jamaal,rb,1986,2008
ChoiTa00,Choice,Tashard,rb,1984,2008
ClowDa00,Clowney,David,wr,1985,2008
CottBr00,Cottam,Brad,te,1984,2008
Cox_Mi20,Cox,Mike,rb,1985,2008
DaviFr01,Davis,Fred,te,1986,2008
DaviJa00,Davis,Jason,rb,1983,2008
DixoDe00,Dixon,Dennis,qb,1985,2008
DoucEa00,Doucet,Early,wr,1985,2008
DougHa00,Douglas,Harry,wr,1984,2008
FellDa00,Fells,Daniel,te,1983,2008
FeltJe00,Felton,Jerome,rb,1986,2008
FineDe00,Fine,Derek,te,1983,2008
FinlJe00,Finley,Jermichael,te,1987,2008
FlacJo00,Flacco,Joe,qb,1985,2008
FlynMa00,Flynn,Matt,qb,1985,2008
FortMa00,Forte,Matt,rb,1985,2008
FranWi00,Franklin,Will,wr,1985,2008
GarcPi00,Garcon,Pierre,wr,1986,2008
GreeBe00,Green-Ellis,BenJarvus,rb,1985,2008
HardJa00,Hardy,James,wr,1985,2008
HartMi00,Hart,Mike,rb,1986,2008
HawkLa00,Hawkins,Lavelle,wr,1986,2008
HaynJo00,Haynos,Joey,te,1984,2008
HennCh01,Henne,Chad,qb,1985,2008
HestJa00,Hester,Jacob,rb,1985,2008
HighTi00,Hightower,Tim,rb,1986,2008
HillPe00,Hillis,Peyton,rb,1986,2008
JackDe00,Jackson,DeSean,wr,1986,2008
JohnCh04,Johnson,Chris,rb,1985,2008
JohnJa02,Johnson,James,rb,1984,2008
JohnSt00,Johnson,Steve,wr,1986,2008
JoneFe00,Jones,Felix,rb,1987,2008
KellDu00,Keller,Dustin,te,1984,2008
KellMa01,Kelly,Malcolm,wr,1986,2008
LondBr00,London,Brandon,wr,1984,2008
LumpKr00,Lumpkin,Kregg,rb,1984,2008
MannMa01,Manningham,Mario,wr,1986,2008
McFaDa00,McFadden,Darren,rb,1987,2008
MeacRo00,Meachem,Robert,wr,1984,2008
MendRa00,Mendenhall,Rashard,rb,1987,2008
MorgJo00,Morgan,Josh,wr,1985,2008
NelsJo00,Nelson,Jordy,wr,1985,2008
OConKe00,O'Connell,Kevin,qb,1985,2008
OmonXa00,Omon,Xavier,rb,1985,2008
OrteBu00,Ortega,Buck,te,1981,2008
PalmJo20,Palmer,Jordan,qb,1984,2008
ParmJa00,Parmele,Jalen,rb,1985,2008
PaynLo20,Payne,Logan,wr,1985,2008
RiceRa00,Rice,Ray,rb,1987,2008
RobiGi21,Robinson,Gijon,te,1984,2008
RoyaEd00,Royal,Eddie,wr,1986,2008
RuckMa00,Rucker,Martin,te,1985,2008
RyanMa00,Ryan,Matt,qb,1985,2008
SandSt20,Sanders,Steve,wr,1982,2008
SantTo00,Santi,Tom,te,1985,2008
SavaDa20,Savage,Dantrell,rb,1985,2008
SchiCh00,Schilens,Chaz,wr,1985,2008
SchmOw00,Schmitt,Owen,rb,1985,2008
SimpCh00,Simpson,Chad,rb,1985,2008
SimpJe00,Simpson,Jerome,wr,1986,2008
SlatSt00,Slaton,Steve,rb,1986,2008
SmitCl22,Smith,Clifton,rb,1985,2008
SmitKe02,Smith,Kevin,rb,1986,2008
SoboOl00,Sobomehin,Olaniyi,rb,1984,2008
StanJo00,Standeford,John,wr,1982,2008
StanDr00,Stanton,Drew,qb,1984,2008
StepSy20,Steptoe,Syndric,wr,1984,2008
StevCr00,Stevens,Craig,te,1984,2008
StewJo00,Stewart,Jonathan,rb,1987,2008
StucCh20,Stuckey,Chansi,wr,1983,2008
SweeLi00,Sweed,Limas,wr,1984,2008
TammJa00,Tamme,Jacob,te,1985,2008
ThomDe02,Thomas,Devin,wr,1986,2008
TolbMi00,Tolbert,Mike,rb,1985,2008
ToraRy00,Torain,Ryan,rb,1986,2008
WalkMi01,Walker,Mike,wr,1984,2008
WashCh00,Washington,Chauncey,rb,1985,2008
WillPa00,Williams,Paul,wr,1983,2008
ZiegDo00,Zeigler,Dominique,wr,1984,2008
