AlliAu00,Allison,Aundrae,wr,1986,2007;
AndeDe01,Anderson,Deon,fb,1983,2007;
AromDe00,Aromashodu,Devin,wr,1984,2007;
BarcCh00,Barclay,Chris,rb,1983,2007;
BattJa00,Battle,Jackie,rb,1983,2007;
BeckJo00,Beck,John,qb,1981,2007;
BerlBr00,Berlin,Brock,qb,1981,2007;
BienTr00,Bienemann,Troy,te,1983,2007;
BookLo00,Booker,Lorenzo,rb,1984,2007;
BossKe00,Boss,Kevin,te,1984,2007;
BoweDw00,Bowe,Dwayne,wr,1984,2007;
BradAh00,Bradshaw,Ahmad,rb,1986,2007;
BreaSt00,Breaston,Steve,wr,1983,2007;
BrouJo00,Broussard,John,wr,1983,2007;
CeleBr00,Celek,Brent,te,1985,2007;
CoatDa00,Coats,Daniel,te,1984,2007;
DarbKe00,Darby,Kenneth,rb,1982,2007;
DaviCa00,Davis,Carey,rb,1981,2007;
DaviCh02,Davis,Chris,wr,1984,2007;
DaviCh03,Davis,Chris;2.,wr,1983,2007
DaviCr00,Davis,Craig,wr,1985,2007;
DawsCl00,Dawson,Clifton,rb,1983,2007;
EalyBi00,Ealy,Biren,wr,1984,2007;
EckeKy00,Eckel,Kyle,rb,1981,2007;
EdwaTr01,Edwards,Trent,qb,1983,2007;
EstaGr01,Estandia,Greg,te,1982,2007;
FiguYa00,Figurs,Yamon,wr,1983,2007;
GinnTe00,Ginn,Ted;Jr.,wr,1985,2007
GonzAn00,Gonzalez,Anthony,wr,1984,2007;
GranRy00,Grant,Ryan,rb,1982,2007;
GutiMa00,Gutierrez,Matt,qb,1984,2007;
HagaMa00,Hagans,Marques,wr,1982,2007;
HallAn01,Hall,Andre,rb,1982,2007;
HaltAa00,Halterman,Aaron,te,1982,2007;
HarrGi00,Harris,Gilbert,rb,1984,2007;
HaynAl00,Haynes,Alex,rb,1982,2007;
HenrCh01,Henry,Chris;J.,rb,1985,2007
HiggJo00,Higgins,Johnnie;Lee,wr,1983,2007
HillJa00,Hill,Jason,wr,1985,2007;
HixoDo00,Hixon,Domenik,wr,1984,2007;
HuntTo01,Hunt,Tony,rb,1985,2007;
JackBr00,Jackson,Brandon,rb,1985,2007;
JackFr02,Jackson,Fred,rb,1981,2007;
JarrDw00,Jarrett,Dwayne,wr,1986,2007;
JohnCa00,Johnson,Calvin,wr,1985,2007;
JoneJa03,Jones,Jacoby,wr,1984,2007;
JoneJa04,Jones,James,wr,1984,2007;
KeitKe00,Keith,Kenton,rb,1980,2007;
KolbKe00,Kolb,Kevin,qb,1984,2007;
KowaJo00,Kowalewski,Joe,te,1982,2007;
LeonBr00,Leonard,Brian,rb,1984,2007;
LyncMa00,Lynch,Marshawn,rb,1986,2007;
MattMi00,Matthews,Michael,te,1983,2007;
MauiRe00,Mauia,Reagan,rb,1984,2007;
McClLe00,McClain,Le'Ron,rb,1984,2007;
McFoCh00,McFoy,Chris,wr,1983,2007;
MiddBr00,Middleton,Brandon,wr,1981,2007;
MillZa01,Miller,Zach,te,1985,2007;
MillGa01,Mills,Garrett,fb,1983,2007;
MilnMa00,Milner,Martrez,te,1984,2007;
MixxAn00,Mix,Anthony,wr,1983,2007;
MoorMa01,Moore,Matt,qb,1984,2007;
NaanLe00,Naanee,Legedu,wr,1983,2007;
ONeaOr00,O'Neal,Oren,fb,1983,2007;
ObomBe00,Obomanu,Ben,wr,1983,2007;
OlseGr00,Olsen,Greg,te,1985,2007;
PatrBe00,Patrick,Ben,te,1984,2007;
PeteAd01,Peterson,Adrian;L.,rb,1985,2007
PittAn00,Pittman,Antonio,rb,1985,2007;
PociJa00,Pociask,Jason,te,1983,2007;
QuinBr00,Quinn,Brady,qb,1984,2007;
RiceSi01,Rice,Sidney,wr,1986,2007;
RobiLa01,Robinson,Laurent,wr,1985,2007;
RobiRy00,Robinson,Ryne,wr,1984,2007;
RosaDa00,Rosario,Dante,te,1984,2007;
RussGa00,Russell,Gary,rb,1986,2007;
RussJa00,Russell,JaMarcus,qb,1985,2007;
SchoDe00,Schouman,Derek,te-fb,1985,2007;
SmitKo00,Smith,Kolby,rb,1984,2007;
SmitSt02,Smith,Steve,wr,1985,2007;
SmitTr02,Smith,Troy,qb,1984,2007;
SmolIs00,Smolko,Isaac,te,1983,2007;
SnelJa00,Snelling,Jason,rb,1983,2007;
SpaeMa00,Spaeth,Matt,te,1983,2007;
StanDe00,Stanley,Derek,wr,1985,2007;
StorBy00,Storer,Byron,rb,1984,2007;
TahiNa00,Tahi,Naufahu,rb,1981,2007;
TaylCo00,Taylor,Courtney,wr,1984,2007;
ThigTy00,Thigpen,Tyler,qb,1984,2007;
ThomPi00,Thomas,Pierre,rb,1984,2007;
ThorCr00,Thorpe,Craphonso,wr,1983,2007;
VickLe00,Vickers,Lee,te,1981,2007;
WalkDa00,Walker,Darius,rb,1985,2007;
WillMa00,Willis,Matt,wr,1984,2007;
WolfGa00,Wolfe,Garrett,rb,1984,2007;
WrigDw01,Wright,Dwayne,rb,1983,2007;
WynnDe00,Wynn,DeShawn,rb,1983,2007;
YounSe00,Young,Selvin,rb,1983,2007;
